is_label_issue,label_quality,given_label,predicted_label
False,0.41588684916496277,8,8
False,0.5305546522140503,6,6
True,0.02478981204330921,1,5
True,0.17210371792316437,9,7
True,0.0823487639427185,7,8
False,0.3453275263309479,8,8
True,0.038757290691137314,7,6
False,0.302936315536499,8,8
True,0.025457363575696945,6,3
False,0.16180914640426636,4,4
True,0.1888284981250763,9,4
False,0.5774381756782532,0,0
True,0.041765909641981125,4,0
False,0.19627071917057037,8,8
False,0.23933035135269165,1,1
False,0.2812744379043579,4,4
False,0.03676576167345047,0,4
False,0.3197842538356781,6,6
True,0.03525717929005623,2,7
False,0.31832990050315857,0,0
True,0.09439850598573685,2,7
False,0.4557388126850128,0,0
True,0.09272535890340805,0,2
True,0.07681335508823395,1,4
True,0.013747063465416431,7,5
False,0.35734671354293823,2,2
False,0.07725698500871658,7,2
False,0.23044069111347198,5,5
False,0.2962517738342285,5,5
False,0.30644091963768005,7,7
True,0.04662661626935005,7,8
False,0.27763205766677856,4,4
True,0.12443889677524567,7,9
False,0.27634742856025696,6,6
False,0.34077537059783936,9,9
False,0.26345565915107727,8,8
False,0.0943773165345192,4,1
False,0.304214745759964,1,1
True,0.009223798289895058,2,7
False,0.4550812840461731,2,2
False,0.14727173745632172,8,7
True,0.12179931253194809,9,5
True,0.05913100764155388,2,0
False,0.43029776215553284,1,1
True,0.029779471457004547,3,6
False,0.3767259120941162,1,1
True,0.07480759173631668,7,9
False,0.504996120929718,3,3
True,0.15603028237819672,9,1
False,0.6790688633918762,0,0
True,0.0200964342802763,4,3
False,0.2559817433357239,7,7
True,0.056917063891887665,8,5
False,0.3121989965438843,5,5
True,0.06287521868944168,8,3
False,0.38718971610069275,1,1
True,0.11082939803600311,8,5
False,0.3730194866657257,8,8
True,0.09928827732801437,0,6
False,0.22625111043453217,0,0
True,0.016631171107292175,8,4
False,0.20464201271533966,0,0
True,0.06960483640432358,6,1
False,0.2783808708190918,7,7
True,0.013260460458695889,9,2
False,0.2949830889701843,8,8
True,0.0572301521897316,3,4
False,0.44003981351852417,6,6
True,0.0546807125210762,7,6
True,0.22338272631168365,9,4
True,0.09835982322692871,4,5
False,0.16468873620033264,2,9
False,0.1608378291130066,2,3
True,0.11273601651191711,9,0
True,0.0487174466252327,9,5
False,0.215386763215065,4,4
True,0.02013661153614521,6,9
False,0.3300929367542267,3,3
False,0.15158309042453766,2,2
False,0.34057167172431946,0,0
False,0.1300160437822342,5,0
False,0.35052430629730225,0,0
True,0.0272304005920887,2,7
True,0.11307956278324127,5,4
False,0.10508964210748672,9,1
False,0.30258750915527344,2,2
True,0.06252214312553406,9,6
False,0.3068503141403198,1,1
True,0.10256920009851456,5,0
False,0.4216943085193634,1,1
True,0.028101962059736252,1,6
False,0.2811751365661621,4,4
True,0.05064169317483902,5,6
True,0.11402499675750732,1,8
False,0.21734081208705902,8,7
False,0.35282379388809204,1,1
True,0.022813264280557632,7,4
False,0.24039232730865479,3,3
True,0.04536210373044014,2,4
False,0.3087882101535797,7,7
False,0.3307361304759979,9,9
False,0.2184099704027176,5,5
False,0.3017841875553131,9,9
False,0.3218628764152527,2,2
False,0.33147045969963074,3,3
False,0.3538050949573517,5,5
True,0.2121889591217041,9,7
False,0.22967781126499176,0,0
False,0.11748415976762772,1,7
False,0.41066643595695496,9,9
False,0.17401283979415894,4,9
False,0.26417863368988037,5,5
False,0.15543773770332336,8,7
False,0.5390529036521912,7,7
True,0.07971838116645813,2,6
False,0.3381790816783905,1,1
True,0.028022445738315582,0,3
False,0.2122335284948349,9,9
False,0.19018375873565674,7,4
False,0.562326967716217,0,0
True,0.1975885033607483,4,9
False,0.5533031821250916,7,7
True,0.10140123218297958,7,9
False,0.47088849544525146,3,3
True,0.09551097452640533,8,2
False,0.5420389175415039,6,6
False,0.0648568719625473,3,5
False,0.2355256825685501,0,0
True,0.04965056851506233,1,4
False,0.44572973251342773,1,1
True,0.09723559767007828,6,1
False,0.26687735319137573,9,9
False,0.14479076862335205,6,1
True,0.1392812430858612,9,4
True,0.04685303568840027,9,6
False,0.6665627360343933,2,2
False,0.3083858788013458,1,1
False,0.17733889818191528,6,4
False,0.15571284294128418,1,2
False,0.30025139451026917,9,7
True,0.02743849717080593,0,6
False,0.6001808643341064,5,5
True,0.07606720924377441,9,6
False,0.5100468993186951,3,3
True,0.15081897377967834,9,4
False,0.33397820591926575,4,4
True,0.19854220747947693,9,4
False,0.4849858283996582,8,8
False,0.18166925013065338,8,9
False,0.3635876178741455,4,4
True,0.06019573658704758,5,0
True,0.21008212864398956,9,4
False,0.09967460483312607,1,9
False,0.5132655501365662,0,0
True,0.10301297158002853,9,3
False,0.38865500688552856,5,5
True,0.029365478083491325,7,5
False,0.203892320394516,4,9
False,0.36243629455566406,2,2
False,0.2775160074234009,9,9
False,0.4173756539821625,7,7
False,0.3571157157421112,6,6
False,0.07581719756126404,7,6
False,0.18471086025238037,6,6
True,0.05231431499123573,4,1
False,0.3342559337615967,3,3
True,0.08170495927333832,0,2
False,0.5056851506233215,1,1
True,0.038379330188035965,9,2
False,0.4595215618610382,2,2
False,0.0327564962208271,2,9
False,0.22024451196193695,3,3
True,0.11276616901159286,2,8
False,0.23980481922626495,5,5
True,0.05067417025566101,5,0
False,0.22353337705135345,7,7
True,0.0762869343161583,0,8
False,0.4254562556743622,7,7
True,0.01744731143116951,8,4
False,0.29066649079322815,7,7
True,0.024453721940517426,5,8
False,0.4344075620174408,0,0
True,0.13623832166194916,9,7
False,0.22235095500946045,9,9
True,0.08443235605955124,9,1
False,0.3787305951118469,2,2
False,0.20828530192375183,0,0
False,0.2962726652622223,1,1
True,0.0368897020816803,2,0
True,0.09120013564825058,7,0
True,0.039252281188964844,9,0
False,0.6151896715164185,6,6
True,0.031104784458875656,0,2
False,0.11603953689336777,6,1
True,0.041065365076065063,7,0
False,0.4159488379955292,1,1
False,0.10238343477249146,0,6
False,0.43790769577026367,3,3
True,0.09013701975345612,5,1
False,0.24892529845237732,9,9
True,0.06662867963314056,3,0
False,0.5014712810516357,7,7
True,0.013215769082307816,2,0
False,0.39862653613090515,1,1
True,0.1176590621471405,2,6
False,0.578816294670105,3,3
False,0.13913823664188385,4,4
False,0.4323398768901825,8,8
True,0.07368019223213196,6,9
False,0.1329515427350998,5,6
True,0.06572510302066803,6,4
True,0.08538371324539185,8,3
True,0.04788411781191826,8,7
False,0.4664594829082489,3,3
True,0.038854051381349564,9,0
False,0.7486047744750977,0,0
True,0.11834079027175903,1,4
False,0.24374526739120483,9,9
True,0.01852642372250557,6,7
False,0.2127697914838791,8,8
True,0.02723751589655876,8,2
False,0.5593495965003967,3,3
True,0.07601220160722733,8,5
False,0.825883150100708,2,2
True,0.048688024282455444,7,6
False,0.337491899728775,8,8
True,0.03146415948867798,0,4
False,0.18820559978485107,9,4
True,0.026608549058437347,6,3
False,0.44679439067840576,0,0
True,0.029027247801423073,2,7
False,0.20867587625980377,9,7
True,0.07175765931606293,8,1
False,0.6077935695648193,6,6
True,0.05145842954516411,9,6
False,0.16895030438899994,9,5
False,0.07518282532691956,9,2
False,0.27714401483535767,8,8
False,0.3199867904186249,9,9
False,0.6130847930908203,1,1
True,0.04527578875422478,4,1
True,0.1716533750295639,9,7
True,0.06035250797867775,9,5
False,0.32583463191986084,8,8
True,0.006302810739725828,1,4
False,0.5807734131813049,0,0
True,0.034209784120321274,4,5
False,0.24562400579452515,5,5
True,0.08970678597688675,5,3
True,0.08683755993843079,5,1
True,0.01847696490585804,0,4
False,0.4591444432735443,2,2
True,0.01776825822889805,5,1
False,0.17671744525432587,2,1
True,0.15464307367801666,3,7
False,0.5772098898887634,3,3
False,0.09514093399047852,9,1
False,0.33026209473609924,6,6
True,0.011104854755103588,4,0
False,0.2905656695365906,7,7
False,0.11423370242118835,2,6
False,0.4559618830680847,1,1
True,0.04705553501844406,4,5
False,0.23926669359207153,8,1
True,0.05419124290347099,7,1
False,0.6766701936721802,3,3
False,0.2601145803928375,1,1
False,0.3194615840911865,0,0
True,0.031029975041747093,1,5
False,0.24126280844211578,7,7
False,0.17672216892242432,6,4
False,0.30376842617988586,3,3
True,0.06000474840402603,0,9
False,0.4460926651954651,1,1
False,0.2656831741333008,9,9
False,0.466686874628067,2,2
False,0.16458815336227417,2,1
False,0.31727951765060425,0,0
True,0.021624134853482246,4,0
False,0.196836456656456,9,9
True,0.04851090535521507,9,2
False,0.35624048113822937,6,6
True,0.07831376791000366,9,7
False,0.3065359890460968,4,4
True,0.06362263113260269,9,3
False,0.36673611402511597,3,3
True,0.04280758276581764,3,5
False,0.24730272591114044,1,1
True,0.048639122396707535,0,8
False,0.3106467127799988,6,6
False,0.08284756541252136,6,3
False,0.27843916416168213,2,2
False,0.26171571016311646,3,5
False,0.3576219975948334,9,9
True,0.017851680517196655,2,6
False,0.2614261209964752,2,2
True,0.08084823191165924,7,6
True,0.09627816826105118,2,5
False,0.32348647713661194,9,9
True,0.10427123308181763,8,3
False,0.133000910282135,3,7
False,0.446126788854599,1,1
True,0.11761077493429184,7,4
False,0.3799588978290558,5,5
True,0.06928739696741104,8,1
False,0.4104953408241272,7,7
True,0.05872468650341034,1,8
True,0.1018005833029747,8,1
True,0.0822480246424675,9,8
False,0.30461737513542175,1,1
True,0.08816006034612656,7,9
False,0.3023357689380646,0,0
False,0.3257730305194855,4,9
False,0.22219659388065338,8,5
True,0.014086432754993439,4,2
False,0.23624657094478607,6,0
True,0.07878982275724411,2,6
False,0.18316246569156647,3,8
True,0.05163811147212982,9,0
False,0.5264930725097656,3,3
True,0.027845537289977074,2,7
False,0.5194882154464722,8,8
False,0.4736243486404419,3,3
False,0.2530756890773773,9,9
False,0.18296106159687042,7,7
False,0.3894597589969635,1,1
True,0.061039265245199203,1,4
False,0.4707604944705963,4,4
True,0.10140606760978699,9,8
False,0.28881514072418213,2,2
True,0.01371734868735075,4,7
False,0.6501960158348083,2,2
True,0.04476167634129524,4,1
False,0.42072269320487976,4,4
True,0.019126521423459053,2,4
False,0.48968029022216797,6,6
True,0.057589009404182434,5,1
False,0.15014110505580902,4,9
True,0.16404740512371063,0,2
False,0.3389659821987152,0,0
False,0.443006306886673,3,3
False,0.15789464116096497,5,8
True,0.029344728216528893,0,9
False,0.4796086847782135,7,7
True,0.07295706868171692,0,8
True,0.21253064274787903,2,8
False,0.38040420413017273,6,6
False,0.2475765347480774,5,5
True,0.054665565490722656,9,8
False,0.46770787239074707,5,5
True,0.04958623647689819,1,3
True,0.06547491997480392,2,4
True,0.06606443226337433,1,5
False,0.23234443366527557,3,3
False,0.1977839469909668,4,4
False,0.24332831799983978,7,7
True,0.054913051426410675,3,9
False,0.173055037856102,9,5
False,0.20495711266994476,9,2
True,0.08888328075408936,8,2
True,0.054467737674713135,2,1
False,0.25736334919929504,2,2
True,0.0662812888622284,7,0
False,0.41114652156829834,3,3
True,0.12683071196079254,8,2
False,0.36432671546936035,2,2
True,0.10098706930875778,7,4
False,0.44861650466918945,0,0
False,0.3312949538230896,7,7
False,0.24621117115020752,7,7
True,0.10381259024143219,9,7
False,0.3493540585041046,2,2
True,0.034129634499549866,3,4
False,0.2968935966491699,3,3
False,0.57036292552948,2,2
False,0.25786730647087097,8,8
True,0.13591855764389038,5,4
False,0.36590635776519775,5,5
True,0.03720233216881752,1,5
False,0.47628873586654663,7,7
True,0.023822462186217308,9,2
False,0.5727365612983704,1,1
True,0.10004469007253647,6,5
True,0.1343545913696289,7,1
True,0.06111661717295647,5,4
False,0.3068978786468506,9,9
True,0.06467782706022263,4,7
False,0.2520574927330017,7,7
True,0.07230062037706375,7,4
False,0.3454171121120453,8,8
True,0.09141991287469864,2,8
False,0.283584862947464,6,6
True,0.027244988828897476,0,9
False,0.5538060069084167,3,3
True,0.03220284730195999,2,4
False,0.1601400524377823,3,9
True,0.09435991942882538,7,4
False,0.2625778913497925,8,8
True,0.0420432947576046,1,4
False,0.24657146632671356,4,4
True,0.03590931370854378,8,0
False,0.34071680903434753,4,4
True,0.060159970074892044,0,6
False,0.31257426738739014,5,5
True,0.08970385044813156,9,1
False,0.2504757344722748,2,2
False,0.09304928779602051,3,6
False,0.5987576842308044,3,3
True,0.13239532709121704,9,4
False,0.08924128860235214,5,0
True,0.17490869760513306,4,9
False,0.3635808527469635,4,4
False,0.12843655049800873,0,5
False,0.3697011172771454,0,0
False,0.11489487439393997,7,1
True,0.13058070838451385,9,7
True,0.03228425979614258,3,5
False,0.3824181854724884,5,5
False,0.09910358488559723,7,6
False,0.4411349296569824,2,2
True,0.04336806386709213,7,6
False,0.7240963578224182,2,2
False,0.4772608280181885,5,5
False,0.6058765649795532,0,0
True,0.09276773035526276,8,2
False,0.6370855569839478,0,0
True,0.05205095559358597,0,5
False,0.3397933542728424,8,8
True,0.05447808653116226,1,2
False,0.2802649438381195,7,7
True,0.04122717306017876,6,8
False,0.578802764415741,0,0
True,0.025128237903118134,0,7
False,0.44977861642837524,1,1
True,0.028660494834184647,0,6
False,0.24519562721252441,2,2
True,0.050293922424316406,7,6
False,0.19464318454265594,8,8
False,0.2567111849784851,9,4
False,0.6623095870018005,3,3
True,0.03267832100391388,3,8
False,0.4742051362991333,3,3
True,0.0419640839099884,8,6
False,0.552053689956665,7,7
False,0.2187967598438263,8,2
False,0.28645655512809753,7,7
True,0.053271424025297165,5,7
False,0.12249705940485,2,7
True,0.0514824204146862,7,3
False,0.4466913938522339,8,8
True,0.030529601499438286,1,0
False,0.29626479744911194,1,1
True,0.04827452078461647,2,3
False,0.47703203558921814,5,5
False,0.17487794160842896,7,7
False,0.31217658519744873,7,7
False,0.24875453114509583,5,0
False,0.16758842766284943,4,4
False,0.2136310636997223,5,3
False,0.23398640751838684,6,2
False,0.15674984455108643,5,9
False,0.25267699360847473,4,4
True,0.05261915922164917,8,7
False,0.2457187920808792,8,8
True,0.05370005592703819,7,5
False,0.4610886871814728,3,3
False,0.12026246637105942,3,2
False,0.18617597222328186,9,0
True,0.05726063996553421,7,8
False,0.2184080183506012,4,4
True,0.05805689096450806,8,1
False,0.1998329758644104,8,8
True,0.015081393532454967,2,7
False,0.6099692583084106,0,0
True,0.0248734038323164,4,3
False,0.38184335827827454,1,1
True,0.023714054375886917,2,7
False,0.1497352570295334,7,1
True,0.08608457446098328,4,3
False,0.5510090589523315,6,6
True,0.08994484692811966,2,1
False,0.19676116108894348,4,9
False,0.08878637105226517,1,8
False,0.18615961074829102,9,4
True,0.05304528400301933,6,4
False,0.31438079476356506,8,8
True,0.030530327931046486,0,8
True,0.11601735651493073,8,5
False,0.09246746450662613,7,8
False,0.23826614022254944,4,4
True,0.031605690717697144,6,7
False,0.20226454734802246,5,3
True,0.07689215242862701,7,3
False,0.4857429563999176,2,2
True,0.11711329966783524,7,1
False,0.6313610672950745,0,0
True,0.12111414968967438,7,8
False,0.29033637046813965,7,7
True,0.02660072036087513,2,4
False,0.2567370533943176,7,7
True,0.05675484612584114,3,5
False,0.2281675487756729,7,7
False,0.08810866624116898,8,9
False,0.45723551511764526,4,4
True,0.0671771988272667,2,1
False,0.5046069025993347,4,4
False,0.15727347135543823,7,6
False,0.5391197204589844,0,0
True,0.03361622244119644,6,1
False,0.26948779821395874,8,8
True,0.0756085216999054,5,9
False,0.23723334074020386,9,9
True,0.1089579239487648,4,6
True,0.14011245965957642,1,8
False,0.21268276870250702,3,8
False,0.24501556158065796,5,5
True,0.07023409008979797,3,6
False,0.2728026509284973,0,0
True,0.09190729260444641,8,1
False,0.3013021945953369,2,2
True,0.03603517264127731,6,4
False,0.28016960620880127,6,6
False,0.07746437191963196,0,4
False,0.16360785067081451,5,8
True,0.0675412118434906,2,0
False,0.48437216877937317,0,0
True,0.04400371387600899,8,3
False,0.39074376225471497,6,6
True,0.1010284423828125,4,9
False,0.23928771913051605,9,9
True,0.06928835809230804,6,4
False,0.20218347012996674,2,6
True,0.02576484903693199,0,4
False,0.38548988103866577,8,8
False,0.09394793957471848,8,6
False,0.6116005182266235,7,7
True,0.09427889436483383,5,3
False,0.33930501341819763,5,5
True,0.08502107113599777,7,1
False,0.4412052035331726,0,0
True,0.013389072380959988,2,5
False,0.45423954725265503,1,1
True,0.017176153138279915,3,6
False,0.5191507935523987,5,5
True,0.025387141853570938,2,5
False,0.14071504771709442,3,8
False,0.2574041485786438,7,4
False,0.45593565702438354,7,7
True,0.018609657883644104,9,0
False,0.08328200876712799,8,6
True,0.018989980220794678,0,7
True,0.08941926062107086,9,2
True,0.03407025337219238,7,6
False,0.45738571882247925,5,5
True,0.13914766907691956,8,1
False,0.2785351872444153,4,4
True,0.05193718522787094,4,7
False,0.24247139692306519,7,7
False,0.06572363525629044,0,1
False,0.5767515897750854,6,6
True,0.05159762129187584,1,3
False,0.5990116000175476,1,1
True,0.14147332310676575,7,9
False,0.2419651448726654,4,4
True,0.036980099976062775,1,0
False,0.1945297122001648,8,5
True,0.027271581813693047,4,2
True,0.10497204959392548,4,8
True,0.03201516717672348,7,6
False,0.6469928622245789,3,3
True,0.03414568677544594,5,7
False,0.2661970555782318,2,3
True,0.09465687721967697,5,9
False,0.43064403533935547,9,9
True,0.07829383760690689,8,9
False,0.4989803731441498,8,8
False,0.1408698409795761,9,3
False,0.5355088710784912,1,1
True,0.028210094198584557,0,1
False,0.1339489221572876,5,3
True,0.023378683254122734,7,2
False,0.1258886307477951,9,1
False,0.14288410544395447,8,1
False,0.20028740167617798,8,8
True,0.03784658759832382,6,2
False,0.06448964774608612,5,2
True,0.03160819038748741,8,0
False,0.1640404611825943,9,7
True,0.17430391907691956,0,7
False,0.6254206299781799,0,0
True,0.07100331783294678,7,2
False,0.09407027065753937,5,1
True,0.2564246654510498,4,9
False,0.3189927339553833,1,1
False,0.09713727980852127,1,2
False,0.15770892798900604,9,9
True,0.053252313286066055,6,3
False,0.4899899959564209,3,3
True,0.10267504304647446,3,5
False,0.5933574438095093,0,0
False,0.13768813014030457,6,7
False,0.629281222820282,2,2
True,0.05485593527555466,2,1
False,0.45143333077430725,1,1
True,0.1463000774383545,0,6
False,0.3358370363712311,2,2
True,0.13372410833835602,5,0
False,0.3846666216850281,1,1
True,0.05634467676281929,7,8
False,0.4120156764984131,2,2
True,0.042141180485486984,2,0
False,0.27620989084243774,6,6
True,0.056352898478507996,8,1
False,0.2666584551334381,4,4
True,0.10300136357545853,7,9
False,0.5504148006439209,3,3
True,0.08473436534404755,4,5
False,0.3665698170661926,1,1
True,0.014049176126718521,1,0
False,0.3566436469554901,0,0
False,0.27244865894317627,3,3
False,0.30245354771614075,3,3
True,0.03738758713006973,7,6
False,0.240850567817688,5,5
False,0.11116674542427063,8,0
False,0.31904104351997375,3,3
True,0.08185123652219772,3,2
False,0.3530236482620239,0,0
True,0.07130341976881027,9,1
False,0.3781754672527313,0,0
True,0.06031912937760353,8,3
False,0.5447438955307007,1,1
False,0.09917259961366653,1,7
False,0.15889404714107513,3,7
True,0.047368042171001434,5,8
False,0.35545438528060913,7,7
False,0.11050795763731003,0,3
False,0.49607741832733154,1,1
True,0.05673833563923836,4,7
False,0.40251290798187256,3,3
True,0.04416995868086815,9,2
False,0.6076563596725464,0,0
True,0.03456195816397667,0,8
False,0.46237558126449585,8,8
True,0.044622816145420074,4,1
True,0.1428474336862564,9,4
True,0.0505845807492733,3,9
False,0.5212035179138184,3,3
True,0.12932917475700378,5,8
False,0.2748447060585022,8,8
True,0.09180594980716705,3,8
True,0.12401846796274185,9,7
True,0.04633010923862457,8,9
False,0.16811639070510864,5,5
True,0.03402223065495491,6,7
False,0.36199647188186646,0,0
True,0.04064159095287323,3,7
False,0.30545705556869507,6,6
True,0.2088383436203003,4,6
False,0.1869993507862091,0,7
True,0.13999542593955994,8,2
True,0.07539999485015869,1,2
True,0.042288850992918015,2,3
False,0.2294856607913971,9,9
True,0.08432991802692413,3,7
False,0.33546075224876404,0,0
True,0.07339339703321457,6,1
True,0.23325181007385254,8,5
False,0.33587411046028137,8,8
False,0.4920904040336609,3,3
True,0.05172456055879593,8,5
False,0.36924806237220764,3,3
False,0.7165265083312988,7,7
False,0.32395249605178833,3,3
False,0.18190935254096985,9,7
False,0.4214945137500763,8,8
True,0.02136249653995037,1,0
False,0.4012606143951416,0,0
True,0.03719629347324371,4,3
False,0.3436411917209625,4,4
True,0.036744166165590286,3,1
False,0.22734589874744415,5,5
True,0.09912749379873276,2,1
False,0.36978718638420105,7,7
True,0.021599730476737022,9,0
False,0.2716693878173828,9,4
True,0.10206056386232376,8,7
False,0.5767641663551331,6,6
True,0.03887173905968666,4,0
False,0.20847496390342712,6,6
False,0.26708415150642395,7,7
False,0.41748881340026855,3,3
True,0.024202007800340652,8,6
False,0.41794630885124207,5,5
True,0.09575457870960236,6,4
False,0.19833552837371826,6,4
True,0.04203449934720993,6,7
False,0.3930034935474396,7,7
True,0.042472586035728455,4,3
True,0.2014695107936859,5,3
False,0.25559595227241516,2,2
False,0.2785544693470001,7,7
True,0.08142058551311493,9,1
False,0.640579879283905,3,3
True,0.03185651823878288,1,5
False,0.39606165885925293,2,2
True,0.07495488226413727,7,9
False,0.29199057817459106,9,9
False,0.28405746817588806,0,0
False,0.31057897210121155,6,6
True,0.13454346358776093,3,7
False,0.45961782336235046,2,2
False,0.31292402744293213,4,4
False,0.3366132378578186,5,5
True,0.05652580037713051,6,3
False,0.27715468406677246,4,4
True,0.08695622533559799,3,9
False,0.3573979437351227,8,8
True,0.024289527907967567,2,4
False,0.22729997336864471,1,1
True,0.04980489984154701,5,7
False,0.3741593062877655,3,3
False,0.23088397085666656,3,3
False,0.25297462940216064,8,8
True,0.11134957522153854,6,0
True,0.19788508117198944,9,4
False,0.18373627960681915,7,9
False,0.21274088323116302,3,8
True,0.1098548024892807,9,7
True,0.27940571308135986,9,4
True,0.035832349210977554,7,6
False,0.2515057921409607,8,8
True,0.0415637269616127,4,7
False,0.2515406012535095,5,8
True,0.05482667312026024,9,0
False,0.2967483103275299,2,8
True,0.03818444162607193,2,3
False,0.5369418263435364,1,1
True,0.04523441940546036,1,4
False,0.2238740473985672,3,3
True,0.05420449748635292,2,9
False,0.19919733703136444,9,7
True,0.03635913133621216,3,4
False,0.4160729646682739,2,2
True,0.0626295730471611,6,1
False,0.32405272126197815,4,4
True,0.03883911296725273,3,7
False,0.17021538317203522,9,7
True,0.06687857210636139,9,1
True,0.14400936663150787,6,5
True,0.04070212319493294,9,6
False,0.598077118396759,3,3
False,0.11879739910364151,5,0
False,0.16658148169517517,4,6
True,0.020725267007946968,3,4
False,0.750491738319397,2,2
True,0.054737646132707596,7,5
False,0.3632228374481201,4,4
True,0.07004762440919876,4,6
False,0.2934986352920532,4,4
True,0.02528471313416958,0,8
False,0.5116555094718933,0,0
True,0.05869954451918602,1,3
False,0.2404569685459137,6,6
True,0.06338804215192795,9,1
False,0.27813607454299927,7,7
True,0.19749267399311066,9,4
False,0.26203569769859314,4,4
False,0.18477652966976166,8,8
False,0.46582818031311035,2,2
True,0.08753522485494614,2,0
False,0.31430143117904663,7,7
False,0.2865210175514221,2,2
True,0.2031363546848297,5,8
True,0.05659404769539833,8,7
False,0.44088903069496155,3,3
True,0.03956227004528046,8,7
False,0.359023779630661,3,3
True,0.023692941293120384,6,7
False,0.5936314463615417,3,3
True,0.0589921735227108,7,1
False,0.40203166007995605,6,6
True,0.011471848003566265,2,7
False,0.47787898778915405,6,6
False,0.05360135808587074,9,1
False,0.3815898299217224,9,9
True,0.08385691046714783,7,4
False,0.38602596521377563,6,6
True,0.04348398372530937,9,2
False,0.4651450514793396,2,2
True,0.1675235480070114,4,9
False,0.32431384921073914,8,8
True,0.06918551027774811,7,6
False,0.2541930079460144,9,9
True,0.08117995411157608,1,5
False,0.5635365843772888,3,3
True,0.0189291350543499,9,0
False,0.3409845232963562,4,4
True,0.03484814986586571,1,9
False,0.2304581254720688,6,4
False,0.43696317076683044,7,7
False,0.3271760642528534,1,1
False,0.11767382174730301,0,3
False,0.2484043538570404,8,8
True,0.04509583115577698,7,3
False,0.46982884407043457,0,0
True,0.060939107090234756,4,3
True,0.1451064646244049,7,4
True,0.012967361137270927,7,0
False,0.5959293842315674,6,6
True,0.07767108082771301,4,6
False,0.5433685779571533,3,3
True,0.055973052978515625,6,9
False,0.7443196177482605,2,2
True,0.02350732870399952,2,5
False,0.22538436949253082,4,9
True,0.0777796283364296,3,5
False,0.644619345664978,0,0
False,0.5001553893089294,4,4
False,0.3288211524486542,0,0
True,0.03925958275794983,6,5
False,0.2210790067911148,8,8
True,0.03443435579538345,0,4
False,0.59563148021698,7,7
True,0.04431929066777229,6,4
False,0.4524402916431427,3,3
False,0.37152373790740967,5,5
False,0.48882976174354553,4,4
True,0.05666906759142876,6,0
False,0.6659639477729797,7,7
True,0.0620022676885128,5,4
False,0.22075513005256653,2,2
True,0.09276600182056427,5,0
False,0.13336779177188873,3,1
True,0.05094553902745247,3,5
False,0.1266586184501648,8,0
False,0.02734983339905739,1,0
False,0.2968541085720062,9,9
True,0.06792359054088593,6,4
False,0.2933810353279114,2,2
False,0.1811901330947876,8,2
False,0.2889626622200012,4,6
True,0.03138955309987068,0,9
False,0.5099195837974548,5,5
True,0.16566480696201324,8,3
False,0.349500834941864,3,3
True,0.061199672520160675,8,6
False,0.27504077553749084,4,4
True,0.013682456687092781,1,7
False,0.3968260884284973,4,4
True,0.0874965637922287,5,9
False,0.3142317235469818,6,6
True,0.05853025242686272,5,2
False,0.27293774485588074,0,0
True,0.048122555017471313,6,7
False,0.25188207626342773,8,8
False,0.10025299340486526,3,1
False,0.2967628240585327,5,5
True,0.09611951559782028,9,3
False,0.22170759737491608,2,2
True,0.05971232429146767,9,4
False,0.22220739722251892,2,1
True,0.0489669032394886,7,0
False,0.3728819191455841,7,7
True,0.009174874983727932,0,2
False,0.31642580032348633,9,9
True,0.00917835719883442,4,2
False,0.6146531701087952,1,1
True,0.06615398824214935,0,4
False,0.3359610140323639,1,1
True,0.07653067260980606,2,1
False,0.2550332248210907,2,2
True,0.07248002290725708,8,7
False,0.20075103640556335,9,9
True,0.06538332253694534,7,8
False,0.3336465358734131,6,6
True,0.0319647379219532,4,5
False,0.6840137243270874,7,7
True,0.03212546929717064,0,1
False,0.1760900765657425,9,7
True,0.03532375022768974,0,3
False,0.49409249424934387,0,0
True,0.08341266214847565,8,1
False,0.767085611820221,6,6
True,0.06643515825271606,9,4
False,0.3113928437232971,6,6
True,0.06952215731143951,7,1
False,0.21552534401416779,1,1
True,0.02853650227189064,3,9
True,0.21103358268737793,9,4
False,0.1743873804807663,1,2
False,0.6396441459655762,0,0
True,0.04427346959710121,7,6
True,0.20604321360588074,9,7
True,0.07599788904190063,7,5
False,0.44846752285957336,3,3
True,0.08486031740903854,7,9
False,0.3508444130420685,8,8
False,0.18784886598587036,7,7
False,0.3482787609100342,7,7
True,0.10066168755292892,5,4
False,0.2709825336933136,4,4
True,0.07218965888023376,6,5
False,0.7354807257652283,2,2
True,0.06202191486954689,4,2
False,0.5934672951698303,2,2
True,0.02840268984436989,5,2
False,0.34429430961608887,2,2
True,0.11296557635068893,0,5
True,0.1815662831068039,4,9
True,0.029254784807562828,4,8
False,0.37552323937416077,0,0
True,0.017867470160126686,1,4
False,0.23100531101226807,7,7
True,0.09330905228853226,7,9
True,0.14592266082763672,4,9
True,0.04755255579948425,8,2
False,0.2902790904045105,8,8
True,0.11074003577232361,9,7
False,0.380006343126297,4,4
False,0.17770810425281525,5,5
False,0.27286261320114136,9,9
True,0.03235548734664917,9,3
False,0.39457419514656067,4,4
True,0.027163133025169373,8,6
False,0.5600587129592896,2,2
False,0.21489867568016052,3,5
False,0.3995423913002014,7,7
True,0.10369834303855896,2,6
True,0.1276232898235321,5,6
True,0.09751391410827637,1,7
False,0.32307514548301697,8,8
True,0.021423231810331345,6,7
False,0.32768628001213074,8,8
True,0.03061482310295105,5,6
False,0.2464870661497116,5,5
True,0.04365196079015732,5,3
False,0.48742616176605225,6,6
True,0.13545072078704834,5,8
True,0.1719088852405548,9,4
True,0.045238032937049866,0,2
False,0.23251573741436005,2,8
True,0.034546058624982834,1,5
False,0.5915781259536743,5,5
True,0.04289798066020012,2,3
False,0.514998733997345,3,3
True,0.045477911829948425,1,7
False,0.41225236654281616,0,0
True,0.05330017954111099,7,5
False,0.3244333267211914,5,5
False,0.32202088832855225,4,4
False,0.24326203763484955,9,9
True,0.031233634799718857,7,0
False,0.47197723388671875,1,1
False,0.4334719479084015,2,2
False,0.14492546021938324,4,6
True,0.03196684271097183,1,0
False,0.46458980441093445,1,1
True,0.0404580682516098,1,3
False,0.19072678685188293,9,4
True,0.03484969213604927,2,7
False,0.28570756316185,8,8
True,0.014586132019758224,8,0
False,0.30410557985305786,5,5
True,0.07600363343954086,8,6
False,0.17915256321430206,9,4
False,0.2118116170167923,2,1
False,0.18864530324935913,8,1
True,0.026578309014439583,7,0
False,0.21948011219501495,6,5
False,0.35104021430015564,8,8
True,0.1078561544418335,6,5
True,0.01773785799741745,0,4
False,0.40252408385276794,1,1
True,0.0751701220870018,0,2
False,0.5122222900390625,3,3
True,0.07369621843099594,7,1
False,0.18325456976890564,8,8
True,0.026742612943053246,6,0
False,0.16204045712947845,9,4
True,0.014949879609048367,1,3
False,0.33331671357154846,0,0
True,0.08359523117542267,5,0
True,0.21695928275585175,9,4
True,0.07551999390125275,3,9
False,0.3305389881134033,1,1
True,0.04802367091178894,9,3
False,0.15669715404510498,6,1
True,0.0938594713807106,7,1
False,0.5451520681381226,3,3
True,0.0821070447564125,1,7
False,0.20804515480995178,7,4
True,0.10205180197954178,6,4
False,0.25824984908103943,3,3
False,0.23737159371376038,9,9
False,0.196611225605011,4,0
True,0.05261698737740517,7,3
False,0.2841666340827942,8,8
False,0.18046842515468597,8,8
False,0.40363970398902893,3,3
True,0.09062472730875015,7,9
False,0.3512495160102844,0,0
False,0.435057669878006,1,1
True,0.16608577966690063,2,8
True,0.04603797569870949,3,1
False,0.48759251832962036,2,2
True,0.062429409474134445,7,2
False,0.1530977189540863,8,1
False,0.10881751775741577,4,9
False,0.46668514609336853,1,1
True,0.06309255957603455,1,9
False,0.24726271629333496,8,8
True,0.04123478755354881,8,4
False,0.22354383766651154,8,5
True,0.0881805345416069,4,6
False,0.17335815727710724,1,8
True,0.01569303870201111,7,2
False,0.6717220544815063,3,3
False,0.14382943511009216,2,1
False,0.22190332412719727,6,6
False,0.3162789046764374,4,4
True,0.12871244549751282,5,8
True,0.02088669314980507,0,1
False,0.18919454514980316,8,8
True,0.03343096002936363,0,2
False,0.28723040223121643,2,2
True,0.0721479207277298,8,3
False,0.35119935870170593,4,4
False,0.31348177790641785,1,1
False,0.16354310512542725,7,1
True,0.06473129242658615,6,9
False,0.4017181396484375,1,1
True,0.061708129942417145,0,7
False,0.4779689908027649,1,1
False,0.2653595805168152,6,6
False,0.16985300183296204,5,3
True,0.032211557030677795,2,3
False,0.44637250900268555,7,7
True,0.12819522619247437,3,2
False,0.49223411083221436,0,0
True,0.040844764560461044,0,6
False,0.2613550126552582,9,9
True,0.031239809468388557,6,3
False,0.18851138651371002,6,6
True,0.1698199212551117,7,9
False,0.17944161593914032,5,7
True,0.09916120022535324,7,6
False,0.40608081221580505,5,5
True,0.024991970509290695,9,6
False,0.5500608682632446,5,5
False,0.12167015671730042,4,0
True,0.08586975187063217,9,4
True,0.03756561130285263,8,9
False,0.3574387729167938,1,1
True,0.0831545889377594,3,5
False,0.21191571652889252,8,5
True,0.0419691801071167,6,7
False,0.32630014419555664,3,3
True,0.08723464608192444,6,0
False,0.5040954947471619,5,5
True,0.07052646577358246,9,0
False,0.2314348965883255,7,7
True,0.018125809729099274,3,6
False,0.3248608410358429,4,9
True,0.03020043671131134,0,4
False,0.4160604774951935,6,6
False,0.2710495889186859,1,1
False,0.28260156512260437,1,1
True,0.08667238056659698,3,9
False,0.19533675909042358,8,8
False,0.33337169885635376,4,4
False,0.4136011302471161,7,7
True,0.122196264564991,6,4
False,0.4142940938472748,6,6
True,0.07421271502971649,9,4
False,0.39666131138801575,7,7
True,0.03195720911026001,5,2
False,0.4657157063484192,7,7
True,0.018715940415859222,7,6
False,0.4005794823169708,9,9
False,0.08994358032941818,0,9
False,0.32668864727020264,4,4
True,0.08165273070335388,2,0
False,0.35588109493255615,9,9
True,0.031887564808130264,3,0
False,0.6456467509269714,7,7
True,0.08045254647731781,8,0
False,0.1333843618631363,9,4
False,0.2965741455554962,3,3
False,0.47602757811546326,3,3
False,0.10670947283506393,5,9
True,0.13421811163425446,8,3
True,0.0979427695274353,5,1
False,0.3008071780204773,2,2
True,0.011934113688766956,7,3
False,0.653209388256073,7,7
True,0.06577020138502121,4,0
False,0.4318433701992035,0,0
False,0.3722238540649414,1,1
False,0.44573670625686646,3,3
False,0.282952219247818,5,5
False,0.31088510155677795,8,8
True,0.01223005075007677,3,4
False,0.0603068470954895,5,1
False,0.1953948438167572,5,5
False,0.42867645621299744,3,3
True,0.030267616733908653,3,7
False,0.27792808413505554,9,9
True,0.022312035784125328,6,7
False,0.37948524951934814,2,2
True,0.07216707617044449,5,4
False,0.5779678821563721,0,0
False,0.1418885886669159,4,1
False,0.46562525629997253,5,5
True,0.042570196092128754,0,7
False,0.30893298983573914,9,9
True,0.07432442158460617,5,4
False,0.11474063247442245,1,2
False,0.24362854659557343,3,3
False,0.4449175000190735,8,8
False,0.11900056898593903,3,7
False,0.4279671311378479,1,1
True,0.04770205169916153,5,7
False,0.23470208048820496,3,3
True,0.14729279279708862,2,1
False,0.3294595181941986,3,3
True,0.061597757041454315,5,6
False,0.5586776733398438,2,2
True,0.041327472776174545,1,3
False,0.24241319298744202,4,4
True,0.028611009940505028,0,3
True,0.2137092649936676,9,4
True,0.07520222663879395,5,8
False,0.22817903757095337,8,8
True,0.06484165787696838,9,1
False,0.3345324993133545,2,2
True,0.0698237195611,7,5
False,0.4184216260910034,0,0
True,0.01879323646426201,0,9
False,0.21309001743793488,2,2
True,0.06904765963554382,9,1
False,0.42339053750038147,4,4
True,0.11690036207437515,1,6
False,0.26642394065856934,6,6
True,0.03976058214902878,3,0
False,0.17232409119606018,5,7
True,0.028104722499847412,4,3
False,0.2821504473686218,3,3
True,0.10954247415065765,8,1
False,0.31465309858322144,8,8
True,0.08987905085086823,3,5
False,0.2798975706100464,8,8
True,0.06619727611541748,2,1
False,0.37817978858947754,1,1
True,0.015432334505021572,9,5
False,0.6434972286224365,2,2
True,0.047619689255952835,5,3
False,0.4568188190460205,1,1
True,0.09262518584728241,2,8
False,0.1722690463066101,9,7
True,0.025158720090985298,4,2
False,0.2932277023792267,9,9
False,0.1305520087480545,1,2
False,0.14264458417892456,6,4
True,0.09780125319957733,0,7
False,0.5616703629493713,5,5
True,0.025337260216474533,1,3
True,0.16705934703350067,1,8
False,0.6495425701141357,2,2
False,0.3930509388446808,9,9
True,0.06030204892158508,5,4
False,0.14728711545467377,4,9
True,0.0786929652094841,6,1
False,0.3415360152721405,2,2
False,0.0943925678730011,0,2
False,0.493651807308197,3,3
False,0.3811857998371124,7,7
False,0.4347410798072815,0,0
True,0.03983398526906967,2,7
False,0.3064483106136322,1,1
True,0.09142030030488968,5,6
False,0.2197384387254715,6,6
True,0.05760271102190018,3,6
False,0.30985027551651,3,3
True,0.09374656528234482,2,1
False,0.4184147119522095,7,7
True,0.07625920325517654,3,0
False,0.5096548795700073,2,2
True,0.020562084391713142,1,4
False,0.5827057957649231,6,6
True,0.07410828769207001,9,7
False,0.2729821503162384,9,9
True,0.03928558900952339,5,2
False,0.6159246563911438,7,7
True,0.024570191279053688,9,2
True,0.053465668112039566,5,1
True,0.05101590231060982,1,2
False,0.30978167057037354,1,1
False,0.3162086308002472,6,6
False,0.28450044989585876,4,4
True,0.05608908459544182,1,5
False,0.33590346574783325,4,4
True,0.05941342934966087,1,5
False,0.34635594487190247,9,9
True,0.05549434944987297,9,8
False,0.2884103059768677,4,4
True,0.06794505566358566,8,3
False,0.486674040555954,3,3
True,0.024096468463540077,1,5
False,0.2742803990840912,8,8
True,0.033996038138866425,6,3
False,0.537565290927887,4,4
True,0.06190885603427887,1,6
False,0.18520937860012054,6,0
True,0.04160785675048828,8,0
False,0.21321193873882294,9,4
True,0.015741324052214622,4,2
False,0.26707059144973755,6,5
True,0.08327847719192505,4,8
False,0.5558063387870789,0,0
False,0.28653913736343384,3,3
True,0.13499005138874054,4,9
True,0.15284670889377594,4,9
False,0.6393637657165527,7,7
False,0.3410722315311432,0,0
False,0.37682685256004333,5,5
True,0.0897785872220993,1,8
True,0.15779611468315125,7,9
False,0.3690866529941559,2,2
False,0.40459710359573364,1,1
True,0.07431917637586594,0,4
False,0.4119967520236969,7,7
False,0.06810357421636581,7,0
False,0.3265692889690399,8,8
False,0.09902150183916092,1,5
False,0.2483159899711609,4,4
True,0.07340497523546219,0,6
False,0.42143338918685913,6,6
False,0.4423142373561859,7,7
False,0.2017737776041031,4,4
True,0.07623053342103958,6,2
False,0.3299543559551239,3,3
True,0.0907280445098877,9,5
False,0.5003989338874817,0,0
True,0.036450017243623734,1,6
False,0.3110858201980591,5,5
True,0.04189475625753403,4,8
False,0.6208972334861755,0,0
False,0.10163161903619766,0,7
False,0.3784412741661072,1,1
True,0.07879596203565598,5,0
False,0.3597370982170105,1,1
True,0.11405476182699203,7,1
True,0.10656899958848953,8,3
True,0.06228106841444969,7,5
False,0.5001797676086426,0,0
True,0.04826286435127258,9,1
False,0.3669065833091736,0,0
True,0.040233831852674484,9,5
False,0.29251614212989807,5,5
True,0.02952805534005165,1,6
False,0.539021372795105,8,8
True,0.03399986773729324,0,2
False,0.4831380844116211,2,2
True,0.06683328747749329,6,9
False,0.5388758778572083,0,0
True,0.22399768233299255,9,7
False,0.5931540131568909,2,2
False,0.12507285177707672,7,6
False,0.3431299328804016,4,4
True,0.009406765922904015,4,3
False,0.7073681354522705,0,0
True,0.040247514843940735,2,6
True,0.14079277217388153,2,8
True,0.05062289908528328,0,6
False,0.27402785420417786,6,6
True,0.07915621995925903,7,1
False,0.5943670868873596,0,0
True,0.0906544178724289,6,5
False,0.35695555806159973,7,7
False,0.5156179070472717,3,3
False,0.42453980445861816,1,1
False,0.07094927877187729,7,2
False,0.2824411988258362,3,3
True,0.20399631559848785,7,4
False,0.17410700023174286,6,6
True,0.036503903567790985,1,5
False,0.287333607673645,9,9
False,0.11878213286399841,4,5
False,0.1496358960866928,8,7
True,0.02888604626059532,9,3
False,0.4665418267250061,1,1
False,0.07225889712572098,7,5
False,0.4582473635673523,5,5
True,0.08531450480222702,7,5
False,0.23370514810085297,4,9
True,0.03934561833739281,6,9
False,0.07313662767410278,5,2
True,0.03833833709359169,7,0
False,0.5120156407356262,7,7
True,0.019192460924386978,1,0
False,0.16350094974040985,2,4
True,0.09508179128170013,6,4
False,0.4713934361934662,1,1
False,0.06378109753131866,0,7
True,0.1317964792251587,5,3
True,0.014974992722272873,0,4
False,0.5595686435699463,3,3
True,0.036404214799404144,4,3
False,0.3094724714756012,9,9
True,0.0416831411421299,2,6
False,0.38344794511795044,0,0
True,0.0731404572725296,6,5
False,0.3243865370750427,4,4
True,0.021949367597699165,4,2
False,0.24288593232631683,5,5
True,0.05859154462814331,1,8
False,0.3934085965156555,6,6
True,0.08166246861219406,4,7
False,0.42857488989830017,8,8
True,0.050997499376535416,6,8
False,0.5074184536933899,4,4
False,0.04639730229973793,9,0
False,0.3809061646461487,3,3
True,0.03321927785873413,2,9
False,0.16419567167758942,2,1
True,0.04230169579386711,0,2
False,0.6127551794052124,0,0
True,0.10308648645877838,6,4
False,0.4899802505970001,4,4
True,0.04777759686112404,8,2
False,0.3652386963367462,4,4
True,0.020225413143634796,6,3
False,0.30159348249435425,5,5
True,0.1400253027677536,6,5
False,0.38634297251701355,5,5
False,0.27861925959587097,2,2
False,0.34039321541786194,0,0
False,0.34297600388526917,3,3
False,0.28556087613105774,1,1
True,0.026394184678792953,6,3
False,0.62308269739151,6,6
True,0.06519149243831635,4,8
False,0.5498639941215515,2,2
False,0.15107162296772003,4,5
False,0.2921154201030731,6,6
True,0.0697663277387619,3,7
False,0.37532731890678406,2,2
True,0.03531583398580551,4,8
False,0.248543381690979,4,6
False,0.2963138222694397,4,4
False,0.4049636423587799,5,5
True,0.041764385998249054,7,6
False,0.2607395350933075,3,3
True,0.06225494295358658,2,1
False,0.19879092276096344,6,0
True,0.051900122314691544,8,3
False,0.4690019488334656,2,2
True,0.033102188259363174,3,6
False,0.1507352739572525,8,3
True,0.02180866152048111,7,5
False,0.38183605670928955,2,2
True,0.12759636342525482,7,4
False,0.39208242297172546,5,5
True,0.02898477390408516,4,3
True,0.23918357491493225,3,5
False,0.12365923076868057,5,8
False,0.23395346105098724,3,3
True,0.08166392147541046,2,4
False,0.38513368368148804,2,2
True,0.057328250259160995,9,1
False,0.47990474104881287,0,0
True,0.07903358340263367,4,9
False,0.14836549758911133,7,1
True,0.06738933175802231,9,8
False,0.7545654773712158,2,2
True,0.0794108510017395,2,8
False,0.4384453296661377,1,1
False,0.2767448425292969,7,3
False,0.056827645748853683,3,4
True,0.053841717541217804,9,6
False,0.394227534532547,9,9
True,0.015574195422232151,1,0
False,0.21047097444534302,6,6
True,0.006815164815634489,5,2
False,0.3539062440395355,2,2
True,0.06939604878425598,9,1
False,0.6095726490020752,5,5
True,0.010424372740089893,2,7
False,0.45794475078582764,1,1
True,0.06093909218907356,8,9
False,0.23905903100967407,2,3
True,0.08441480249166489,9,5
False,0.19925901293754578,8,8
False,0.09361647069454193,1,6
False,0.17553910613059998,9,3
True,0.031957563012838364,8,7
False,0.38280239701271057,1,1
True,0.04079373925924301,1,4
False,0.11293035000562668,2,8
True,0.07185522466897964,4,8
False,0.34613046050071716,7,7
True,0.040747594088315964,1,8
False,0.49811744689941406,0,0
True,0.050029221922159195,4,6
False,0.47440293431282043,0,0
True,0.09385333955287933,2,3
False,0.4594043493270874,2,2
True,0.0836046114563942,8,3
False,0.32452309131622314,7,7
True,0.018875984475016594,7,6
False,0.4638426601886749,6,6
True,0.09246005862951279,3,1
False,0.2630748450756073,7,7
True,0.04954138770699501,0,6
False,0.2593756914138794,9,9
True,0.0108846016228199,2,5
False,0.41549941897392273,3,3
True,0.01016983948647976,4,0
False,0.27306559681892395,3,3
True,0.02243991196155548,1,7
False,0.13551315665245056,8,7
False,0.15886728465557098,9,8
False,0.5576980113983154,2,2
False,0.1470561921596527,5,4
False,0.40222421288490295,4,4
False,0.3505074977874756,1,1
False,0.33206629753112793,9,9
True,0.05850433185696602,4,7
False,0.2086755335330963,9,9
True,0.04186936840415001,9,6
False,0.3478914499282837,4,4
False,0.15212197601795197,5,3
False,0.414619505405426,6,6
True,0.058871202170848846,4,1
False,0.32271358370780945,2,2
True,0.1076643168926239,0,6
False,0.2854205369949341,0,0
True,0.026360418647527695,2,0
False,0.16675256192684174,8,5
True,0.016464099287986755,8,0
False,0.3055788576602936,0,0
True,0.042753785848617554,2,8
False,0.30467480421066284,4,4
True,0.012301294133067131,0,7
False,0.21673671901226044,3,8
False,0.23513056337833405,8,8
False,0.3462090492248535,8,8
True,0.06678101420402527,8,6
False,0.11374074965715408,9,7
False,0.04800654202699661,6,7
False,0.4312715530395508,3,3
False,0.25189027190208435,3,3
False,0.5321056842803955,5,5
True,0.0069880192168056965,7,0
False,0.44216641783714294,6,6
True,0.05872107297182083,9,8
False,0.371036171913147,1,1
True,0.12239774316549301,7,9
False,0.4411923885345459,4,4
True,0.03865911811590195,3,6
False,0.3617748022079468,5,5
True,0.08234955370426178,5,6
False,0.5753081440925598,0,0
False,0.26956549286842346,6,6
False,0.42128661274909973,6,6
True,0.11004947125911713,4,7
False,0.32057368755340576,4,4
True,0.15161097049713135,5,6
False,0.08929130434989929,3,4
True,0.019671855494379997,7,2
False,0.5639703869819641,2,2
True,0.024533633142709732,2,7
False,0.6341543197631836,0,0
False,0.17225025594234467,0,4
False,0.4976886510848999,1,1
False,0.13103453814983368,1,8
False,0.23857904970645905,9,4
True,0.05480543151497841,2,1
False,0.21407628059387207,9,9
True,0.0816921517252922,6,0
False,0.49191969633102417,7,7
True,0.055862076580524445,8,3
False,0.4054725766181946,9,9
True,0.03729551285505295,1,5
False,0.7069600820541382,0,0
True,0.03602993115782738,3,4
False,0.1759801059961319,6,6
False,0.22240163385868073,5,0
False,0.5207745432853699,0,0
True,0.05897153541445732,3,6
False,0.22946175932884216,4,4
True,0.06451653689146042,7,2
False,0.43971407413482666,6,6
False,0.10929664969444275,7,5
False,0.3597182035446167,2,2
False,0.09620621055364609,0,9
False,0.5165132284164429,1,1
True,0.023013699799776077,0,1
False,0.5345554947853088,7,7
True,0.06615488231182098,9,1
False,0.29608580470085144,4,4
False,0.39846271276474,6,6
False,0.17320802807807922,8,5
True,0.05804578959941864,0,2
False,0.23128312826156616,7,7
True,0.06792615354061127,8,4
False,0.2927485406398773,0,0
True,0.05248798429965973,3,7
False,0.39739423990249634,4,4
True,0.029729939997196198,7,6
False,0.3203509747982025,5,5
True,0.04374859109520912,4,2
False,0.3183954656124115,8,8
True,0.09019573032855988,7,8
False,0.29036805033683777,8,8
True,0.15026409924030304,7,9
False,0.10775336623191833,2,1
True,0.021654020994901657,9,6
False,0.3369796872138977,3,3
False,0.23716901242733002,8,8
False,0.33914244174957275,0,0
True,0.02715582400560379,0,1
False,0.46896249055862427,6,6
False,0.12671993672847748,5,6
False,0.4112812876701355,7,7
True,0.0619206577539444,3,1
False,0.14818540215492249,4,9
False,0.02476469799876213,0,4
False,0.2840560972690582,6,6
True,0.030939551070332527,3,7
True,0.07878872752189636,2,4
True,0.15094922482967377,4,6
False,0.272688090801239,8,8
True,0.08331408351659775,6,1
False,0.4141543209552765,0,0
True,0.0306658074259758,6,3
False,0.47597458958625793,3,3
True,0.018937360495328903,0,7
False,0.569117546081543,0,0
True,0.09365655481815338,8,4
False,0.32170718908309937,2,2
True,0.1803140491247177,5,3
False,0.45703884959220886,6,6
True,0.040594641119241714,6,4
False,0.559668779373169,7,7
True,0.07470423728227615,7,1
False,0.17511965334415436,5,3
True,0.015012421645224094,1,7
False,0.7284805774688721,0,0
False,0.24614320695400238,0,0
False,0.1280916929244995,8,9
True,0.042674556374549866,7,8
False,0.342781126499176,0,0
True,0.06334669888019562,7,6
True,0.2200145274400711,4,9
False,0.2903733253479004,4,4
False,0.43842068314552307,5,5
False,0.2864133417606354,4,4
False,0.20058999955654144,2,3
False,0.23820900917053223,9,0
True,0.22124329209327698,5,3
False,0.13014769554138184,3,8
False,0.22004066407680511,4,4
True,0.07701121270656586,7,5
False,0.20529469847679138,9,9
True,0.015094898641109467,3,4
False,0.3635849058628082,4,4
True,0.08502652496099472,6,4
False,0.7228854894638062,0,0
True,0.07748746126890182,3,0
False,0.5263492465019226,6,6
True,0.02865982986986637,0,1
False,0.15074653923511505,5,0
True,0.13308864831924438,6,4
False,0.3205789029598236,4,4
True,0.10596971213817596,9,2
False,0.7111796140670776,0,0
True,0.03703465312719345,1,5
False,0.38294583559036255,3,3
True,0.05648590996861458,9,6
False,0.4043810963630676,8,8
True,0.10778826475143433,8,1
False,0.4112586975097656,6,6
True,0.056425757706165314,3,9
False,0.32074233889579773,5,5
True,0.051983486860990524,2,6
False,0.49739840626716614,7,7
True,0.037637364119291306,0,3
False,0.2969070076942444,4,4
True,0.1488424390554428,7,8
False,0.2672426402568817,6,6
True,0.10466764867305756,6,0
False,0.19732728600502014,9,5
True,0.07308468222618103,8,1
False,0.17476582527160645,6,6
True,0.0531298965215683,9,6
False,0.7497262358665466,0,0
True,0.0428481288254261,6,3
False,0.22516053915023804,5,5
True,0.02569483034312725,0,8
True,0.0835556760430336,2,8
True,0.021963445469737053,0,3
True,0.1081344410777092,7,9
True,0.06996764242649078,9,3
False,0.37942227721214294,1,1
False,0.09155987948179245,1,4
False,0.27747654914855957,8,8
True,0.028105592355132103,5,6
True,0.1719973087310791,5,6
True,0.062268830835819244,5,8
True,0.08522357046604156,2,5
True,0.08879696577787399,6,1
False,0.32170823216438293,3,3
True,0.049904413521289825,7,6
False,0.48449382185935974,0,0
False,0.06540007889270782,4,8
False,0.2616167366504669,0,0
True,0.1274639517068863,6,4
False,0.6573541760444641,0,0
False,0.1037108451128006,7,4
False,0.4920791685581207,1,1
True,0.020547300577163696,5,7
True,0.11680614948272705,9,1
True,0.06289471685886383,5,4
False,0.36090287566185,5,5
False,0.3217241168022156,5,5
False,0.2824511229991913,7,7
True,0.04386400058865547,7,5
False,0.2379167675971985,4,4
True,0.03718104958534241,0,8
False,0.13003972172737122,7,4
False,0.0717514157295227,4,1
False,0.39589905738830566,7,7
True,0.08718626946210861,8,1
False,0.19726251065731049,9,4
True,0.050745949149131775,9,2
False,0.3278939425945282,2,8
True,0.046254873275756836,5,9
False,0.3012334108352661,2,2
True,0.08027911186218262,1,2
False,0.2753767669200897,1,1
True,0.012519827112555504,2,9
False,0.3310237228870392,4,4
True,0.031186554580926895,3,6
False,0.4009176790714264,3,3
True,0.07389744371175766,6,8
True,0.232736274600029,4,9
True,0.04431143030524254,9,5
False,0.47365662455558777,3,3
True,0.062280431389808655,1,3
False,0.5658029913902283,3,3
True,0.024987926706671715,3,4
False,0.2556055784225464,8,8
True,0.03332541882991791,1,5
False,0.38182568550109863,1,1
True,0.10302487015724182,6,4
False,0.2676226496696472,1,1
False,0.3810170888900757,4,4
False,0.46624231338500977,1,1
True,0.04421068727970123,9,0
False,0.4882664680480957,3,3
True,0.027952775359153748,8,2
False,0.0899951234459877,6,8
True,0.04543778672814369,3,0
False,0.2695825695991516,5,5
True,0.022729534655809402,9,0
True,0.10882654786109924,8,7
True,0.0835140123963356,6,3
False,0.36481234431266785,1,1
True,0.055771417915821075,1,7
False,0.7042182683944702,7,7
True,0.10865870863199234,5,9
False,0.2534455358982086,8,8
True,0.02994164638221264,5,1
False,0.29170241951942444,0,0
True,0.08208362758159637,5,6
False,0.1855008602142334,8,5
True,0.05551522225141525,3,1
False,0.3214440941810608,9,9
True,0.06234413757920265,4,9
False,0.20611582696437836,2,1
True,0.023027485236525536,4,0
False,0.6706345677375793,6,6
True,0.0712205097079277,0,4
False,0.33221080899238586,8,8
False,0.3416197896003723,4,4
False,0.4349360167980194,7,7
False,0.10119792073965073,2,7
False,0.5676000714302063,7,7
True,0.0984269455075264,4,0
False,0.2916721999645233,5,5
False,0.3461957275867462,6,6
False,0.4055865406990051,5,5
True,0.0660175159573555,3,6
False,0.4767608940601349,6,6
True,0.13029050827026367,3,8
False,0.2638624310493469,9,7
True,0.03443782031536102,0,1
False,0.34146615862846375,1,1
False,0.10760967433452606,0,3
False,0.45943528413772583,5,5
True,0.1555069088935852,2,8
False,0.529159426689148,5,5
True,0.09296023845672607,5,8
False,0.3762342929840088,2,2
False,0.11925724148750305,3,9
False,0.6332563161849976,3,3
False,0.25379475951194763,4,4
False,0.5362144708633423,0,0
False,0.3814876675605774,1,1
False,0.46036943793296814,2,2
False,0.14398826658725739,3,1
False,0.2042430192232132,1,5
True,0.057220738381147385,9,3
False,0.2550138831138611,5,5
True,0.08583401143550873,9,1
True,0.15066365897655487,9,4
True,0.08527597039937973,0,7
False,0.2524508535861969,4,4
True,0.060534629970788956,6,5
False,0.21347320079803467,1,8
True,0.06516167521476746,6,1
False,0.3697386384010315,1,1
True,0.12807320058345795,4,8
False,0.31979358196258545,0,0
True,0.05730535089969635,5,3
False,0.19287487864494324,3,3
True,0.01699921116232872,4,0
False,0.4374302625656128,1,1
False,0.540616512298584,1,1
False,0.1984887719154358,5,4
True,0.06437954306602478,5,1
False,0.14772555232048035,5,4
False,0.08233694732189178,7,0
False,0.19488181173801422,0,0
False,0.11499163508415222,4,8
False,0.6383031010627747,0,0
True,0.08210500329732895,6,0
False,0.091951884329319,0,8
True,0.09183645993471146,2,6
False,0.2292824238538742,4,4
True,0.08899953216314316,8,1
False,0.1693461686372757,9,9
True,0.04765785485506058,1,8
False,0.5931075811386108,2,2
True,0.12652747333049774,7,9
True,0.14489606022834778,5,1
True,0.04241756722331047,8,4
False,0.554542064666748,6,6
False,0.15069355070590973,7,1
True,0.2023504227399826,5,3
True,0.10198121517896652,8,1
False,0.7429083585739136,7,7
True,0.018152346834540367,6,7
False,0.6953615546226501,7,7
True,0.05968201160430908,2,5
False,0.2620450258255005,1,1
True,0.052387919276952744,4,1
False,0.5438734292984009,7,7
True,0.017353389412164688,1,9
False,0.2662394642829895,6,6
False,0.327858567237854,5,5
False,0.41946807503700256,0,0
True,0.0286032035946846,2,3
False,0.39911967515945435,3,3
True,0.06107399985194206,0,4
False,0.4162624478340149,3,3
True,0.05208694562315941,0,1
False,0.690238893032074,0,0
False,0.08404533565044403,2,6
False,0.2391340285539627,6,6
False,0.06588466465473175,6,0
True,0.1425693780183792,2,0
True,0.07138890027999878,6,0
False,0.2700884938240051,3,3
True,0.017031634226441383,4,7
False,0.3756689429283142,4,4
True,0.016744451597332954,1,0
False,0.1951080560684204,5,5
True,0.03298737108707428,0,4
False,0.22044314444065094,0,0
True,0.023249639198184013,7,0
False,0.5471020936965942,2,2
True,0.04308466985821724,7,0
False,0.5929296612739563,7,7
False,0.04403982684016228,7,3
False,0.173424631357193,7,8
True,0.0745970755815506,9,3
False,0.3630111515522003,6,6
True,0.08205419778823853,6,9
False,0.22313103079795837,7,9
True,0.059717193245887756,9,5
False,0.30251795053482056,2,2
False,0.10559430718421936,3,9
False,0.606370747089386,6,6
False,0.09289609640836716,7,8
False,0.314381867647171,1,1
True,0.07686958461999893,2,1
False,0.2704440653324127,4,4
True,0.014000963419675827,2,0
False,0.46948033571243286,7,7
True,0.05901898816227913,5,1
False,0.48631763458251953,3,3
True,0.11389627307653427,9,8
False,0.5420020222663879,7,7
True,0.023357415571808815,2,5
False,0.22812417149543762,8,7
True,0.05041621997952461,2,8
False,0.38200560212135315,3,3
True,0.057688310742378235,4,7
False,0.3962351977825165,0,0
True,0.10745511204004288,8,1
False,0.33776411414146423,2,2
True,0.15705467760562897,5,3
False,0.15954680740833282,8,5
False,0.1712908297777176,6,4
False,0.3718792200088501,3,3
True,0.03645271062850952,3,0
False,0.3257259726524353,8,8
True,0.02544952556490898,0,4
False,0.3060312271118164,9,9
True,0.07936558127403259,4,2
False,0.5337094068527222,0,0
False,0.13626058399677277,2,6
False,0.3503418266773224,7,7
True,0.02200755476951599,4,8
False,0.2597495913505554,8,8
True,0.01426327507942915,3,6
False,0.3091948330402374,6,6
True,0.036113690584897995,8,4
False,0.5302416086196899,6,6
True,0.07538431882858276,8,3
False,0.6108718514442444,6,6
True,0.05906100198626518,5,4
False,0.22783911228179932,8,8
True,0.018189776688814163,3,0
False,0.321860671043396,1,1
True,0.024611294269561768,9,0
False,0.2985250651836395,4,4
True,0.05719514936208725,1,7
False,0.41616299748420715,6,6
True,0.043448835611343384,8,2
False,0.31810280680656433,2,2
True,0.11532104015350342,8,7
True,0.12833227217197418,3,1
False,0.2341511845588684,6,6
False,0.20944350957870483,5,5
True,0.033550798892974854,9,3
False,0.350663959980011,7,7
True,0.030165519565343857,6,8
False,0.328340083360672,1,1
True,0.03945133090019226,0,8
False,0.4176858365535736,4,4
False,0.18751266598701477,8,2
False,0.2890452742576599,8,8
True,0.05464792996644974,8,7
False,0.39795270562171936,1,1
False,0.11903666704893112,3,0
False,0.2054162323474884,1,1
True,0.0670844092965126,9,6
False,0.46909821033477783,1,1
True,0.0447155237197876,2,4
False,0.17923951148986816,5,5
True,0.15600663423538208,3,9
False,0.6914474368095398,0,0
True,0.10321474075317383,8,3
False,0.3628675937652588,7,7
True,0.026845451444387436,4,3
False,0.3133891522884369,5,5
True,0.04984091967344284,9,8
False,0.2317230999469757,8,7
True,0.023500964045524597,0,4
True,0.13435909152030945,4,9
True,0.037436939775943756,6,7
False,0.3291580379009247,5,5
True,0.028796644881367683,3,4
False,0.270175963640213,6,6
False,0.11725820600986481,7,4
False,0.2313525676727295,9,4
False,0.2083459049463272,3,2
False,0.3486507833003998,9,9
True,0.01283867284655571,6,7
False,0.29857340455055237,4,9
True,0.04635089263319969,2,0
False,0.17274290323257446,7,4
True,0.06507449597120285,5,4
False,0.4979925751686096,7,7
True,0.07442690432071686,9,1
False,0.6977176666259766,0,0
False,0.2794952094554901,7,7
False,0.3778684139251709,6,6
True,0.07566630095243454,2,8
False,0.484472393989563,7,7
True,0.022060634568333626,1,5
False,0.32207509875297546,8,8
True,0.045429252088069916,7,3
False,0.68399977684021,3,3
True,0.04903564974665642,6,1
False,0.21901482343673706,8,8
False,0.4019322097301483,5,5
True,0.07645193487405777,7,9
True,0.1194991022348404,2,8
False,0.2951939105987549,0,0
True,0.06959034502506256,7,0
False,0.24194926023483276,9,4
False,0.18664811551570892,2,4
False,0.2781234383583069,4,4
True,0.02554963156580925,6,7
False,0.25117552280426025,7,7
True,0.09157753735780716,4,1
True,0.15848398208618164,9,4
True,0.04005762189626694,2,6
False,0.4204712212085724,7,7
True,0.1021822914481163,5,1
False,0.1725471466779709,9,9
False,0.15883880853652954,8,9
False,0.38210853934288025,4,4
True,0.039723534137010574,6,1
False,0.48697441816329956,3,3
True,0.058662548661231995,6,1
False,0.33420321345329285,0,0
True,0.07530606538057327,7,1
False,0.305595725774765,5,5
True,0.0826474204659462,8,1
False,0.3693849444389343,5,5
False,0.12452083826065063,2,6
False,0.5330992341041565,4,4
True,0.06688694655895233,1,5
True,0.09825616329908371,9,8
True,0.017891544848680496,2,7
False,0.6192517876625061,5,5
False,0.15362335741519928,8,7
False,0.16302098333835602,5,1
False,0.3077128529548645,3,3
False,0.2944892346858978,5,5
True,0.039547454565763474,6,0
False,0.4885624349117279,1,1
True,0.07281618565320969,6,1
False,0.5408605933189392,7,7
True,0.051665764302015305,3,9
False,0.37557923793792725,4,4
True,0.07086319476366043,7,6
False,0.3659856915473938,1,1
False,0.12250343710184097,8,0
False,0.3742094933986664,0,0
True,0.05586468428373337,3,1
False,0.24320800602436066,9,9
True,0.0447225496172905,0,9
False,0.2311563491821289,5,3
True,0.10016913712024689,0,4
False,0.3562168478965759,9,9
True,0.01339687593281269,1,4
False,0.4423128068447113,0,0
True,0.05585317686200142,2,4
False,0.43735557794570923,6,6
True,0.13153301179409027,7,9
False,0.2666860818862915,9,9
True,0.026114527136087418,8,7
False,0.4560343623161316,6,6
True,0.2320200502872467,7,9
False,0.3699330985546112,6,6
True,0.08162392675876617,2,1
False,0.4846438765525818,4,4
False,0.3578493595123291,5,5
False,0.3552665114402771,4,4
True,0.0338817834854126,5,1
False,0.29055285453796387,0,0
True,0.06486993283033371,7,8
True,0.04305899143218994,8,5
True,0.05443260073661804,1,6
False,0.4973162114620209,3,3
False,0.28414371609687805,2,2
False,0.6558694839477539,2,2
True,0.05223711207509041,9,5
False,0.5016751289367676,5,5
True,0.21289728581905365,8,2
False,0.5612189173698425,2,2
True,0.1067851111292839,5,6
False,0.35389482975006104,1,1
True,0.02809029445052147,1,6
False,0.27600038051605225,4,4
True,0.15971821546554565,7,8
False,0.48874953389167786,1,1
True,0.1127275750041008,2,8
False,0.10638748109340668,8,1
False,0.47497129440307617,2,2
False,0.2898549437522888,0,0
True,0.04602103307843208,4,7
False,0.38569673895835876,6,6
True,0.0690462738275528,4,5
False,0.49092426896095276,3,3
True,0.11500979214906693,9,8
False,0.451469749212265,1,1
False,0.08698629587888718,3,2
False,0.5463616847991943,7,7
True,0.07483556121587753,7,6
True,0.15527848899364471,9,7
True,0.06413958221673965,5,2
False,0.2297121286392212,8,8
